Workbook

Sheet Tehnički proračun
A1: Podaci | H1: Proračun
A2: P1a | B2: 1.3 | C2: MW | H2: Psr, spec | I2: =0.5*B6*I3^3 -> 526.90242 | J2: W/m2
A3: D | B3: 60 | C3: m | H3: veff | I3: =(SUM(E13:E39)/SUM(C13:C39))^(1/3) -> 9.5106025 | J3: m/s
A4: k | B4: 1.9 | H4: Psr | I4: =(I2*B7)/1000 -> 1489.7815 | J4: kW
A5: c | B5: 8.489 | H5: Wgod | I5: =SUM(F13:F39)/1000000 -> 3.7134789 | J5: GWh/god
A6: ρ0 | B6: 1.225 | C6: kg/m3 | H6: Wv | I6: =I4*SUM(C13:C39)/1000000 -> 13.005148 | J6: GWh/god
A7: A | B7: =(B3^2/4)*PI() -> 2827.4334 | C7: m2 | H7: η | I7: =I5/I6 -> 0.28553915
H8: vsr | I8: =SUM(G13:G39)/SUM(C13:C39) -> 7.554337 | J8: m/s
H9: CF | I9: =0.087*I8-(B2*1000)/B3^2 -> 0.2961162
A12: v [m/s] | B12: P [kW] | C12: t [h/god] | E12: vi3*ti | F12: Pi*ti | G12: vi*ti
A13: 0 | B13: 0 | C13: =WEIBULL(A13,$B$4,$B$5,0)*8760 -> 0 | E13: =A13^3*C13 -> 0 | F13: =B13*C13 -> 0 | G13: =A13*C13 -> 0
A14: 1 | B14: 0 | C14: =WEIBULL(A14,$B$4,$B$5,0)*8760 -> 281.16842 | E14: =A14^3*C14 -> 281.16842 | F14: =B14*C14 -> 0 | G14: =A14*C14 -> 281.16842
A15: 2 | B15: 0 | C15: =WEIBULL(A15,$B$4,$B$5,0)*8760 -> 500.6124 | E15: =A15^3*C15 -> 4004.8992 | F15: =B15*C15 -> 0 | G15: =A15*C15 -> 1001.2248
A16: 3 | B16: 0 | C16: =WEIBULL(A16,$B$4,$B$5,0)*8760 -> 669.35199 | E16: =A16^3*C16 -> 18072.504 | F16: =B16*C16 -> 0 | G16: =A16*C16 -> 2008.056
A17: 4 | B17: 25 | C17: =WEIBULL(A17,$B$4,$B$5,0)*8760 -> 784.01285 | E17: =A17^3*C17 -> 50176.823 | F17: =B17*C17 -> 19600.321 | G17: =A17*C17 -> 3136.0514
A18: 5 | B18: 78 | C18: =WEIBULL(A18,$B$4,$B$5,0)*8760 -> 844.59529 | E18: =A18^3*C18 -> 105574.41 | F18: =B18*C18 -> 65878.433 | G18: =A18*C18 -> 4222.9765
A19: 6 | B19: 150 | C19: =WEIBULL(A19,$B$4,$B$5,0)*8760 -> 855.35927 | E19: =A19^3*C19 -> 184757.6 | F19: =B19*C19 -> 128303.89 | G19: =A19*C19 -> 5132.1556
A20: 7 | B20: 234 | C20: =WEIBULL(A20,$B$4,$B$5,0)*8760 -> 824.07242 | E20: =A20^3*C20 -> 282656.84 | F20: =B20*C20 -> 192832.95 | G20: =A20*C20 -> 5768.507
A21: 8 | B21: 381 | C21: =WEIBULL(A21,$B$4,$B$5,0)*8760 -> 760.70229 | E21: =A21^3*C21 -> 389479.57 | F21: =B21*C21 -> 289827.57 | G21: =A21*C21 -> 6085.6183
A22: 9 | B22: 557 | C22: =WEIBULL(A22,$B$4,$B$5,0)*8760 -> 675.99006 | E22: =A22^3*C22 -> 492796.76 | F22: =B22*C22 -> 376526.46 | G22: =A22*C22 -> 6083.9106
A23: 10 | B23: 752 | C23: =WEIBULL(A23,$B$4,$B$5,0)*8760 -> 580.18141 | E23: =A23^3*C23 -> 580181.41 | F23: =B23*C23 -> 436296.42 | G23: =A23*C23 -> 5801.8141
A24: 11 | B24: 926 | C24: =WEIBULL(A24,$B$4,$B$5,0)*8760 -> 482.08103 | E24: =A24^3*C24 -> 641649.85 | F24: =B24*C24 -> 446407.03 | G24: =A24*C24 -> 5302.8913
... A39: 26 | B39: 0 | C39: =WEIBULL(A39,$B$4,$B$5,0)*8760 -> 1.2227851 | E39: =A39^3*C39 -> 21491.67 | F39: =B39*C39 -> 0 | G39: =A39*C39 -> 31.792412

Sheet Ekonomski proračun
A1: Podaci
A2: Investicioni troškovi | B2: 3500 | C2: KM/kW
A3: Ukupna investicija | B3: =B2*'Tehnički proračun'!B2*1000 -> 4550000 | C3: KM
A4: Održavanje | B4: =0.01*B3 -> 45500 | C4: KM
A5: Rok otplate kredita | B5: 20 | C5: god
A6: Grejs period | B6: 1 | C6: god
A7: Kamatna stopa | B7: 0.068
A8: Rata kredita | B8: =-PMT(B7,B5-B6,B15) -> 463133.55 | C8: KM
A9: Godišnji rashodi | B9: =B8+B4 -> 508633.55 | C9: KM
A10: Minimalna cijena | B10: =B9/('Tehnički proračun'!I5*1000000) -> 0.13696956 | C10: KM/kWh
A13: Godina | B13: Dug [KM] | C13: Kamata [KM] | D13: Rata kredita [KM] | E13: Otplata | F13: Proizvodnja [kWh] | G13: Održavanje [KM] | H13: Prihod od prodaje el energije [KM] | I13: Zarada [KM]
A14: 1 | B14: =B3 -> 4550000 | C14: =$B$7*B14 -> 309400 | D14: 0 | E14: =D14-C14 -> -309400 | F14: 0 | G14: 0 | H14: 0 | I14: 0
A15: 2 | B15: =B14-E14 -> 4859400 | C15: =$B$7*B15 -> 330439.2 | D15: =$B$8 -> 463133.55 | E15: =D15-C15 -> 132694.35 | F15: ='Tehnički proračun'!$I$5*1000000 -> 3713478.9 | G15: =$B$4 -> 45500 | H15: =$B$10*F15 -> 508633.55 | I15: =H15-G15-D15 -> 0
A16: 3 | B16: =B15-E15 -> 4726705.6 | C16: =$B$7*B16 -> 321415.98 | D16: =$B$8 -> 463133.55 | E16: =D16-C16 -> 141717.57 | F16: ='Tehnički proračun'!$I$5*1000000 -> 3713478.9 | G16: =$B$4 -> 45500 | H16: =$B$10*F16 -> 508633.55 | I16: =H16-G16-D16 -> 0
A17: 4 | B17: =B16-E16 -> 4584988.1 | C17: =$B$7*B17 -> 311779.19 | D17: =$B$8 -> 463133.55 | E17: =D17-C17 -> 151354.37 | F17: ='Tehnički proračun'!$I$5*1000000 -> 3713478.9 | G17: =$B$4 -> 45500 | H17: =$B$10*F17 -> 508633.55 | I17: =H17-G17-D17 -> 0
A18: 5 | B18: =B17-E17 -> 4433633.7 | C18: =$B$7*B18 -> 301487.09 | D18: =$B$8 -> 463133.55 | E18: =D18-C18 -> 161646.46 | F18: ='Tehnički proračun'!$I$5*1000000 -> 3713478.9 | G18: =$B$4 -> 45500 | H18: =$B$10*F18 -> 508633.55 | I18: =H18-G18-D18 -> 0
A19: 6 | B19: =B18-E18 -> 4271987.2 | C19: =$B$7*B19 -> 290495.13 | D19: =$B$8 -> 463133.55 | E19: =D19-C19 -> 172638.42 | F19: ='Tehnički proračun'!$I$5*1000000 -> 3713478.9 | G19: =$B$4 -> 45500 | H19: =$B$10*F19 -> 508633.55 | I19: =H19-G19-D19 -> 0
A20: 7 | B20: =B19-E19 -> 4099348.8 | C20: =$B$7*B20 -> 278755.72 | D20: =$B$8 -> 463133.55 | E20: =D20-C20 -> 184377.83 | F20: ='Tehnički proračun'!$I$5*1000000 -> 3713478.9 | G20: =$B$4 -> 45500 | H20: =$B$10*F20 -> 508633.55 | I20: =H20-G20-D20 -> 0
A21: 8 | B21: =B20-E20 -> 3914971 | C21: =$B$7*B21 -> 266218.03 | D21: =$B$8 -> 463133.55 | E21: =D21-C21 -> 196915.53 | F21: ='Tehnički proračun'!$I$5*1000000 -> 3713478.9 | G21: =$B$4 -> 45500 | H21: =$B$10*F21 -> 508633.55 | I21: =H21-G21-D21 -> 0
A22: 9 | B22: =B21-E21 -> 3718055.5 | C22: =$B$7*B22 -> 252827.77 | D22: =$B$8 -> 463133.55 | E22: =D22-C22 -> 210305.78 | F22: ='Tehnički proračun'!$I$5*1000000 -> 3713478.9 | G22: =$B$4 -> 45500 | H22: =$B$10*F22 -> 508633.55 | I22: =H22-G22-D22 -> 0
A23: 10 | B23: =B22-E22 -> 3507749.7 | C23: =$B$7*B23 -> 238526.98 | D23: =$B$8 -> 463133.55 | E23: =D23-C23 -> 224606.58 | F23: ='Tehnički proračun'!$I$5*1000000 -> 3713478.9 | G23: =$B$4 -> 45500 | H23: =$B$10*F23 -> 508633.55 | I23: =H23-G23-D23 -> 0
A24: 11 | B24: =B23-E23 -> 3283143.1 | C24: =$B$7*B24 -> 223253.73 | D24: =$B$8 -> 463133.55 | E24: =D24-C24 -> 239879.82 | F24: ='Tehnički proračun'!$I$5*1000000 -> 3713478.9 | G24: =$B$4 -> 45500 | H24: =$B$10*F24 -> 508633.55 | I24: =H24-G24-D24 -> 0
A25: 12 | B25: =B24-E24 -> 3043263.3 | C25: =$B$7*B25 -> 206941.9 | D25: =$B$8 -> 463133.55 | E25: =D25-C25 -> 256191.65 | F25: ='Tehnički proračun'!$I$5*1000000 -> 3713478.9 | G25: =$B$4 -> 45500 | H25: =$B$10*F25 -> 508633.55 | I25: =H25-G25-D25 -> 0
A26: 13 | B26: =B25-E25 -> 2787071.6 | C26: =$B$7*B26 -> 189520.87 | D26: =$B$8 -> 463133.55 | E26: =D26-C26 -> 273612.68 | F26: ='Tehnički proračun'!$I$5*1000000 -> 3713478.9 | G26: =$B$4 -> 45500 | H26: =$B$10*F26 -> 508633.55 | I26: =H26-G26-D26 -> 0
... A33: 20 | B33: =B32-E32 -> 433645.65 | C33: =$B$7*B33 -> 29487.904 | D33: =$B$8 -> 463133.55 | E33: =D33-C33 -> 433645.65 | F33: ='Tehnički proračun'!$I$5*1000000 -> 3713478.9 | G33: =$B$4 -> 45500 | H33: =$B$10*F33 -> 508633.55 | I33: =H33-G33-D33 -> 0
